                  epoch,         train/box_loss,         train/cls_loss,         train/dfl_loss,   metrics/precision(B),      metrics/recall(B),       metrics/mAP50(B),    metrics/mAP50-95(B),           val/box_loss,           val/cls_loss,           val/dfl_loss,                 lr/pg0,                 lr/pg1,                 lr/pg2
                      1,                 1.2226,                 1.9169,                 1.0951,                0.92663,                0.94041,                0.96561,                0.62497,                0.98982,                 2.9536,                0.60983,             0.00065873,             0.00065873,             0.00065873
                      2,                 1.1153,                  1.497,                 1.0188,                0.86829,                0.81183,                0.88768,                0.58313,                0.97015,                  3.249,                0.65455,               0.001063,               0.001063,               0.001063
                      3,                 1.0609,                 1.4175,                0.99551,                0.93748,                0.96841,                0.97898,                0.68095,                0.90313,                 2.7745,                0.60478,              0.0012032,              0.0012032,              0.0012032
                      4,                 1.0311,                 1.3907,                0.98271,                0.87525,                0.96281,                0.95769,                 0.6791,                0.84971,                 2.7075,                0.59789,               0.000812,               0.000812,               0.000812
                      5,                0.98426,                 1.3323,                0.96439,                0.94512,                0.97419,                0.98466,                0.71065,                0.84578,                 2.5575,                0.59175,               0.000812,               0.000812,               0.000812
